gene,msi,component,r,r_abs
Nrgn,mz.297.070615,6,-0.47302723,0.47302723
Nrgn,mz.296.06595500000003,6,-0.4695328,0.4695328
Nrgn,mz.258.110295,6,-0.4676479,0.4676479
Nrgn,mz.516.190135,6,-0.46759567,0.46759567
Nrgn,mz.592.0904700000001,6,-0.46750253,0.46750253
Nrgn,mz.297.069625,6,-0.4576568,0.4576568
Nrgn,mz.298.062905,6,-0.4551651,0.4551651
Nrgn,mz.394.12496,6,-0.45344,0.45344
Nrgn,mz.298.06399999999996,6,-0.448902,0.448902
Nrgn,mz.297.06824,6,-0.44061685,0.44061685
Nrgn,mz.280.092375,6,-0.43576312,0.43576312
Nrgn,mz.560.1485299999999,6,-0.43139982,0.43139982
Nrgn,mz.298.065095,6,-0.43077204,0.43077204
Nrgn,mz.259.11330999999996,6,-0.42304564,0.42304564
Cck,mz.516.190135,6,-0.40700224,0.40700224
Nrgn,mz.259.113915,6,-0.40068817,0.40068817
Cdr1os,mz.516.190135,6,-0.39940226,0.39940226
Cdr1os,mz.258.110295,6,-0.39826956,0.39826956
Cck,mz.258.110295,6,-0.39627686,0.39627686
Nrgn,mz.592.09793,6,-0.39486003,0.39486003
Cdr1os,mz.592.0904700000001,6,-0.39398438,0.39398438
Cdr1os,mz.296.06595500000003,6,-0.39216846,0.39216846
Cdr1os,mz.297.070615,6,-0.38655537,0.38655537
Cdr1os,mz.297.069625,6,-0.38486987,0.38486987
Nrgn,mz.281.09517,6,-0.3823068,0.3823068
Slc17a7,mz.516.190135,6,-0.3815641,0.3815641
Cdr1os,mz.298.06399999999996,6,-0.37852818,0.37852818
Cdr1os,mz.298.062905,6,-0.37746722,0.37746722
Cck,mz.394.12496,6,-0.3765859,0.3765859
Cck,mz.592.0904700000001,6,-0.3751294,0.3751294
Cdr1os,mz.297.06824,6,-0.37358996,0.37358996
Cck,mz.296.06595500000003,6,-0.37084216,0.37084216
Slc17a7,mz.258.110295,6,-0.37076586,0.37076586
Cck,mz.297.070615,6,-0.3695612,0.3695612
Cdr1os,mz.298.065095,6,-0.36953992,0.36953992
Nnat,mz.258.110295,6,0.36938238,0.36938238
Cdr1os,mz.259.11330999999996,6,-0.36868852,0.36868852
Cck,mz.562.323125,6,-0.36535406,0.36535406
Slc17a7,mz.592.0904700000001,6,-0.36453158,0.36453158
Slc17a7,mz.394.12496,6,-0.363101,0.363101
Cck,mz.259.11330999999996,6,-0.3619332,0.3619332
Slc17a7,mz.296.06595500000003,6,-0.36178195,0.36178195
Slc17a7,mz.297.070615,6,-0.3616079,0.3616079
Cck,mz.297.069625,6,-0.3614794,0.3614794
Cdr1os,mz.259.113915,6,-0.35912463,0.35912463
Cdr1os,mz.394.12496,6,-0.3582943,0.3582943
Nnat,mz.516.190135,6,0.35702783,0.35702783
Slc17a7,mz.297.069625,6,-0.35337102,0.35337102
Cck,mz.298.062905,6,-0.3528013,0.3528013
Cck,mz.298.06399999999996,6,-0.35211083,0.35211083
Cdr1os,mz.592.09793,6,-0.35204515,0.35204515
Slc17a7,mz.298.06399999999996,6,-0.34907013,0.34907013
Slc17a7,mz.298.062905,6,-0.3490312,0.3490312
Cck,mz.259.113915,6,-0.34860945,0.34860945
Cck,mz.297.06824,6,-0.34858114,0.34858114
Cck,mz.560.1485299999999,6,-0.34650838,0.34650838
Cck,mz.298.065095,6,-0.3418024,0.3418024
Cck,mz.280.092375,6,-0.34130955,0.34130955
Slc17a7,mz.297.06824,6,-0.3401873,0.3401873
Scn1b,mz.516.190135,6,-0.34015244,0.34015244
Nnat,mz.259.11330999999996,6,0.34011436,0.34011436
Slc17a7,mz.298.065095,6,-0.33719707,0.33719707
Scn1b,mz.258.110295,6,-0.33607012,0.33607012
Slc17a7,mz.562.323125,6,-0.3348192,0.3348192
Nnat,mz.280.092375,6,0.33306232,0.33306232
Nnat,mz.259.113915,6,0.33238578,0.33238578
Slc17a7,mz.259.11330999999996,6,-0.3323229,0.3323229
Cdr1os,mz.562.323125,6,-0.33136567,0.33136567
Cck,mz.281.09517,6,-0.33052054,0.33052054
Cdr1os,mz.280.092375,6,-0.33009332,0.33009332
Nnat,mz.394.12496,6,0.3289212,0.3289212
Cdr1os,mz.560.1485299999999,6,-0.32633105,0.32633105
Nnat,mz.560.1485299999999,6,0.32368225,0.32368225
Cck,mz.592.09793,6,-0.32281673,0.32281673
Nrgn,mz.562.323125,6,-0.32105938,0.32105938
Slc17a7,mz.259.113915,6,-0.31955045,0.31955045
Scn1b,mz.297.070615,6,-0.31913787,0.31913787
Cdr1os,mz.281.09517,6,-0.3152634,0.3152634
Slc17a7,mz.280.092375,6,-0.31513256,0.31513256
Scn1b,mz.394.12496,6,-0.31467825,0.31467825
Slc17a7,mz.560.1485299999999,6,-0.31467462,0.31467462
Slc17a7,mz.592.09793,6,-0.31298015,0.31298015
Scn1b,mz.280.092375,6,-0.31203365,0.31203365
Nnat,mz.296.06595500000003,6,0.31075436,0.31075436
Scn1b,mz.592.0904700000001,6,-0.31021917,0.31021917
Scn1b,mz.296.06595500000003,6,-0.3086042,0.3086042
Nnat,mz.562.323125,6,0.3078547,0.3078547
Nnat,mz.281.09517,6,0.30697292,0.30697292
Nnat,mz.592.0904700000001,6,0.30640283,0.30640283
Scn1b,mz.297.069625,6,-0.30447763,0.30447763
Scn1b,mz.259.11330999999996,6,-0.3043963,0.3043963
Scn1b,mz.560.1485299999999,6,-0.3042932,0.3042932
Nnat,mz.297.069625,6,0.30329424,0.30329424
Nnat,mz.298.065095,6,0.30119228,0.30119228
Nnat,mz.297.06824,6,0.3007185,0.3007185
Slc17a7,mz.281.09517,6,-0.29978228,0.29978228
Nnat,mz.298.06399999999996,6,0.29967076,0.29967076
Scn1b,mz.298.062905,6,-0.29878253,0.29878253
Scn1b,mz.298.06399999999996,6,-0.29873228,0.29873228
Scn1b,mz.259.113915,6,-0.29562476,0.29562476
Nnat,mz.298.062905,6,0.2954514,0.2954514
Scn1b,mz.281.09517,6,-0.2944246,0.2944246
Nnat,mz.297.070615,6,0.291649,0.291649
Plp1,mz.297.070615,6,0.29123563,0.29123563
Scn1b,mz.297.06824,6,-0.29059854,0.29059854
Scn1b,mz.298.065095,6,-0.2900526,0.2900526
Mef2c,mz.516.190135,6,-0.28893036,0.28893036
Rgs4,mz.280.092375,6,-0.28387922,0.28387922
Nnat,mz.592.09793,6,0.27963668,0.27963668
Mef2c,mz.297.070615,6,-0.27954853,0.27954853
Rgs4,mz.560.1485299999999,6,-0.27763146,0.27763146
Adcy1,mz.516.190135,6,-0.27654442,0.27654442
Mef2c,mz.592.0904700000001,6,-0.27634728,0.27634728
Mef2c,mz.258.110295,6,-0.27586251,0.27586251
Mef2c,mz.562.323125,6,-0.27406675,0.27406675
Plp1,mz.592.0904700000001,6,0.27287245,0.27287245
Scn1b,mz.592.09793,6,-0.27243552,0.27243552
Adcy1,mz.258.110295,6,-0.27226704,0.27226704
Mef2c,mz.296.06595500000003,6,-0.27031758,0.27031758
Plp1,mz.296.06595500000003,6,0.2693764,0.2693764
Adcy1,mz.592.0904700000001,6,-0.2675922,0.2675922
Mef2c,mz.297.069625,6,-0.26661456,0.26661456
Rgs4,mz.297.070615,6,-0.2663718,0.2663718
Mbp,mz.297.070615,6,0.26561186,0.26561186
Olfm1,mz.516.190135,6,-0.264948,0.264948
Adcy1,mz.296.06595500000003,6,-0.2635614,0.2635614
Vxn,mz.516.190135,6,-0.26170903,0.26170903
Plp1,mz.297.069625,6,0.26155496,0.26155496
Mef2c,mz.298.06399999999996,6,-0.26138088,0.26138088
Zbtb20,mz.258.110295,6,0.26052582,0.26052582
Adcy1,mz.298.062905,6,-0.26025563,0.26025563
Zbtb20,mz.516.190135,6,0.2596818,0.2596818
Mef2c,mz.394.12496,6,-0.25954333,0.25954333
Mef2c,mz.298.062905,6,-0.25942424,0.25942424
Plp1,mz.298.06399999999996,6,0.25885588,0.25885588
Olfm1,mz.297.070615,6,-0.25865,0.25865
Adcy1,mz.298.06399999999996,6,-0.25836986,0.25836986
Mobp,mz.297.070615,6,0.25816292,0.25816292
Plp1,mz.298.062905,6,0.25810182,0.25810182
Rgs7bp,mz.280.092375,6,-0.25641608,0.25641608
Adcy1,mz.394.12496,6,-0.25611258,0.25611258
Adcy1,mz.297.069625,6,-0.25558212,0.25558212
Mef2c,mz.297.06824,6,-0.25525427,0.25525427
Olfm1,mz.258.110295,6,-0.2551398,0.2551398
Rgs4,mz.258.110295,6,-0.2545397,0.2545397
Mef2c,mz.298.065095,6,-0.25433332,0.25433332
Adcy1,mz.297.070615,6,-0.2532403,0.2532403
Rgs4,mz.394.12496,6,-0.25313604,0.25313604
Vxn,mz.258.110295,6,-0.25278988,0.25278988
Rgs7bp,mz.258.110295,6,-0.25218132,0.25218132
Rgs4,mz.296.06595500000003,6,-0.251743,0.251743
Olfm1,mz.592.0904700000001,6,-0.25158244,0.25158244
Plp1,mz.298.065095,6,0.2513448,0.2513448
Olfm1,mz.297.069625,6,-0.2503171,0.2503171
Olfm1,mz.296.06595500000003,6,-0.25005105,0.25005105
Efnb3,mz.297.070615,6,0.24913546,0.24913546
Rgs4,mz.592.0904700000001,6,-0.24909991,0.24909991
Rgs4,mz.281.09517,6,-0.2482527,0.2482527
Scn1b,mz.562.323125,6,-0.24820232,0.24820232
Rgs4,mz.297.069625,6,-0.24803036,0.24803036
Rgs7bp,mz.560.1485299999999,6,-0.24768959,0.24768959
Pvalb,mz.516.190135,6,-0.24768159,0.24768159
Rgs4,mz.516.190135,6,-0.24766889,0.24766889
Zbtb20,mz.259.11330999999996,6,0.24756011,0.24756011
Adcy1,mz.297.06824,6,-0.24729824,0.24729824
Mbp,mz.592.0904700000001,6,0.24711868,0.24711868
Rgs7bp,mz.516.190135,6,-0.2466665,0.2466665
Mef2c,mz.560.1485299999999,6,-0.2465826,0.2465826
Ppp3ca,mz.297.070615,6,-0.24654895,0.24654895
Olfm1,mz.394.12496,6,-0.24645755,0.24645755
Adcy1,mz.259.11330999999996,6,-0.24630463,0.24630463
Pvalb,mz.258.110295,6,-0.24566428,0.24566428
Adcy1,mz.298.065095,6,-0.24544366,0.24544366
Apod,mz.297.070615,6,0.24448717,0.24448717
Mobp,mz.592.0904700000001,6,0.24442345,0.24442345
Mef2c,mz.259.11330999999996,6,-0.24359128,0.24359128
Olfm1,mz.298.06399999999996,6,-0.24345514,0.24345514
Plp1,mz.297.06824,6,0.243139,0.243139
Rgs4,mz.298.06399999999996,6,-0.24306494,0.24306494
Mbp,mz.296.06595500000003,6,0.24289183,0.24289183
Mobp,mz.296.06595500000003,6,0.24270946,0.24270946
Olfm1,mz.298.062905,6,-0.24221328,0.24221328
Zbtb20,mz.259.113915,6,0.24202642,0.24202642
Rgs7bp,mz.297.070615,6,-0.24119976,0.24119976
Zbtb20,mz.592.0904700000001,6,0.2408345,0.2408345
Olfm1,mz.562.323125,6,-0.24066389,0.24066389
Mef2c,mz.592.09793,6,-0.2402932,0.2402932
Rgs4,mz.298.062905,6,-0.24024978,0.24024978
Efnb3,mz.592.0904700000001,6,0.23985022,0.23985022
Mef2c,mz.280.092375,6,-0.23962629,0.23962629
Olfm1,mz.297.06824,6,-0.2395195,0.2395195
Rgs4,mz.298.065095,6,-0.23937494,0.23937494
Zbtb20,mz.296.06595500000003,6,0.23918502,0.23918502
Efnb3,mz.296.06595500000003,6,0.23908283,0.23908283
Plp1,mz.592.09793,6,0.23830856,0.23830856
Slc30a3,mz.562.323125,6,-0.23792124,0.23792124
Rgs7bp,mz.296.06595500000003,6,-0.23733619,0.23733619
Nptxr,mz.297.070615,6,-0.23717055,0.23717055
Olfm1,mz.259.11330999999996,6,-0.2371225,0.2371225
Adcy1,mz.259.113915,6,-0.23709695,0.23709695
Mbp,mz.298.062905,6,0.23683146,0.23683146
Vxn,mz.562.323125,6,-0.23671928,0.23671928
Zbtb20,mz.297.069625,6,0.23670422,0.23670422
Sv2b,mz.516.190135,6,-0.23629703,0.23629703
Rgs7bp,mz.592.0904700000001,6,-0.23620509,0.23620509
Zbtb20,mz.297.070615,6,0.23604919,0.23604919
Rgs4,mz.297.06824,6,-0.23599869,0.23599869
Mobp,mz.297.069625,6,0.23576906,0.23576906
Mbp,mz.297.069625,6,0.2356406,0.2356406
Ptgds,mz.297.070615,6,0.2355023,0.2355023
Zbtb20,mz.298.06399999999996,6,0.23524675,0.23524675
Mobp,mz.298.062905,6,0.23498389,0.23498389
Mef2c,mz.259.113915,6,-0.23477878,0.23477878
Rgs7bp,mz.281.09517,6,-0.23418647,0.23418647
Slc30a3,mz.297.070615,6,-0.23418099,0.23418099
Olfm1,mz.298.065095,6,-0.23397908,0.23397908
Ppp3ca,mz.296.06595500000003,6,-0.23299071,0.23299071
Mbp,mz.298.06399999999996,6,0.23292111,0.23292111
Efnb3,mz.298.062905,6,0.23286468,0.23286468
Efnb3,mz.297.069625,6,0.23278014,0.23278014
Zbtb20,mz.298.062905,6,0.23268121,0.23268121
Mobp,mz.298.06399999999996,6,0.23262186,0.23262186
Vxn,mz.592.0904700000001,6,-0.23251411,0.23251411
Olfm1,mz.560.1485299999999,6,-0.2323341,0.2323341
Rgs7bp,mz.297.069625,6,-0.23227042,0.23227042
Vxn,mz.394.12496,6,-0.23185325,0.23185325
Adcy1,mz.592.09793,6,-0.23175123,0.23175123
Zbtb20,mz.394.12496,6,0.23069936,0.23069936
Rgs7bp,mz.394.12496,6,-0.23050973,0.23050973
Sv2b,mz.280.092375,6,-0.2303682,0.2303682
Ppp3ca,mz.592.0904700000001,6,-0.23018537,0.23018537
Vxn,mz.297.069625,6,-0.2300582,0.2300582
Ptgds,mz.296.06595500000003,6,0.23005712,0.23005712
Sv2b,mz.258.110295,6,-0.2298966,0.2298966
Zbtb20,mz.297.06824,6,0.22987561,0.22987561
Vxn,mz.297.070615,6,-0.22950827,0.22950827
Olfm1,mz.259.113915,6,-0.2294167,0.2294167
Olfm1,mz.280.092375,6,-0.22939056,0.22939056
Vxn,mz.259.11330999999996,6,-0.22924206,0.22924206
Rgs7bp,mz.298.062905,6,-0.22908269,0.22908269
Rgs7bp,mz.298.06399999999996,6,-0.22902143,0.22902143
Mal,mz.297.070615,6,0.22899124,0.22899124
Apod,mz.592.0904700000001,6,0.22892071,0.22892071
Slc30a3,mz.592.0904700000001,6,-0.2288324,0.2288324
Olfm1,mz.281.09517,6,-0.22870046,0.22870046
Efnb3,mz.298.06399999999996,6,0.22868654,0.22868654
Vxn,mz.280.092375,6,-0.22858989,0.22858989
Adcy1,mz.280.092375,6,-0.22850515,0.22850515
Vxn,mz.296.06595500000003,6,-0.22847119,0.22847119
Apod,mz.296.06595500000003,6,0.22834608,0.22834608
Rgs7bp,mz.298.065095,6,-0.22834086,0.22834086
Ptgds,mz.592.0904700000001,6,0.22812593,0.22812593
Zbtb20,mz.298.065095,6,0.22812009,0.22812009
Adcy1,mz.560.1485299999999,6,-0.22773755,0.22773755
Sv2b,mz.560.1485299999999,6,-0.22720125,0.22720125
Ppp3ca,mz.298.062905,6,-0.2271299,0.2271299
Nptxr,mz.516.190135,6,-0.2265074,0.2265074
Vxn,mz.281.09517,6,-0.2261855,0.2261855
Vxn,mz.560.1485299999999,6,-0.22590457,0.22590457
Mef2c,mz.281.09517,6,-0.22565761,0.22565761
Vxn,mz.298.062905,6,-0.22537489,0.22537489
Nptxr,mz.592.0904700000001,6,-0.2253094,0.2253094
Mbp,mz.298.065095,6,0.2252607,0.2252607
Pvalb,mz.592.0904700000001,6,-0.22489987,0.22489987
Ttc9b,mz.516.190135,6,-0.22484374,0.22484374
Slc30a3,mz.394.12496,6,-0.22478095,0.22478095
Slc30a3,mz.296.06595500000003,6,-0.22437048,0.22437048
Ppp3ca,mz.297.069625,6,-0.22430524,0.22430524
Vxn,mz.298.06399999999996,6,-0.2242245,0.2242245
Pvalb,mz.296.06595500000003,6,-0.22418089,0.22418089
Ptgds,mz.298.062905,6,0.2241179,0.2241179
Pvalb,mz.259.11330999999996,6,-0.22396962,0.22396962
Rgs7bp,mz.297.06824,6,-0.22385716,0.22385716
Adcy1,mz.562.323125,6,-0.22383758,0.22383758
Sv2b,mz.394.12496,6,-0.22373444,0.22373444
Pvalb,mz.297.069625,6,-0.22334066,0.22334066
Apod,mz.297.069625,6,0.22325853,0.22325853
Vxn,mz.259.113915,6,-0.22307563,0.22307563
Sv2b,mz.592.0904700000001,6,-0.22299737,0.22299737
Sv2b,mz.297.070615,6,-0.22275713,0.22275713
Vxn,mz.297.06824,6,-0.22264795,0.22264795
Rgs7bp,mz.259.11330999999996,6,-0.22260292,0.22260292
Ppp3ca,mz.280.092375,6,-0.22238213,0.22238213
Trf,mz.297.070615,6,0.2220216,0.2220216
Ptgds,mz.297.069625,6,0.22186235,0.22186235
Slc30a3,mz.516.190135,6,-0.22157887,0.22157887
Efnb3,mz.516.190135,6,0.22138754,0.22138754
Nptxr,mz.560.1485299999999,6,-0.22112976,0.22112976
Cnp,mz.297.070615,6,0.22097263,0.22097263
Mobp,mz.297.06824,6,0.22075015,0.22075015
Nptxr,mz.296.06595500000003,6,-0.2204346,0.2204346
Mobp,mz.298.065095,6,0.22040452,0.22040452
Pvalb,mz.259.113915,6,-0.22038215,0.22038215
Efnb3,mz.297.06824,6,0.2203713,0.2203713
Adcy1,mz.281.09517,6,-0.22022215,0.22022215
Sv2b,mz.296.06595500000003,6,-0.22020213,0.22020213
Pvalb,mz.297.070615,6,-0.22016346,0.22016346
Ppp3ca,mz.298.06399999999996,6,-0.21982712,0.21982712
Olfm1,mz.592.09793,6,-0.21968855,0.21968855
Efhd2,mz.516.190135,6,-0.21921831,0.21921831
Rgs4,mz.259.11330999999996,6,-0.21913263,0.21913263
Mbp,mz.297.06824,6,0.2188417,0.2188417
Mal,mz.592.0904700000001,6,0.21883217,0.21883217
Ttc9b,mz.394.12496,6,-0.21864969,0.21864969
Nptxr,mz.394.12496,6,-0.2185221,0.2185221
Zbtb20,mz.592.09793,6,0.21846606,0.21846606
Pvalb,mz.298.06399999999996,6,-0.21834214,0.21834214
Nptxr,mz.297.069625,6,-0.21796462,0.21796462
Apod,mz.298.062905,6,0.21752328,0.21752328
Ppp3ca,mz.560.1485299999999,6,-0.21747735,0.21747735
Efnb3,mz.298.065095,6,0.2174327,0.2174327
Slc30a3,mz.297.069625,6,-0.21733701,0.21733701
Pvalb,mz.297.06824,6,-0.21696554,0.21696554
Nptxr,mz.258.110295,6,-0.21612468,0.21612468
Ptgds,mz.298.06399999999996,6,0.21604592,0.21604592
Mal,mz.296.06595500000003,6,0.21598625,0.21598625
Nptxr,mz.280.092375,6,-0.21595275,0.21595275
Rgs4,mz.592.09793,6,-0.21595073,0.21595073
Ttc9b,mz.258.110295,6,-0.2157906,0.2157906
Apod,mz.298.06399999999996,6,0.21578126,0.21578126
Vxn,mz.298.065095,6,-0.21515669,0.21515669
Pvalb,mz.298.065095,6,-0.21512991,0.21512991
Rgs7bp,mz.259.113915,6,-0.21495387,0.21495387
Nptx1,mz.516.190135,6,-0.21471626,0.21471626
Pvalb,mz.394.12496,6,-0.21470475,0.21470475
Efnb3,mz.258.110295,6,0.21431123,0.21431123
Mobp,mz.592.09793,6,0.21427327,0.21427327
Sv2b,mz.298.062905,6,-0.21420297,0.21420297
Pvalb,mz.298.062905,6,-0.2141825,0.2141825
Slc30a3,mz.258.110295,6,-0.21378434,0.21378434
Slc30a3,mz.298.062905,6,-0.21359807,0.21359807
Plp1,mz.516.190135,6,0.21322665,0.21322665
Ptgds,mz.297.06824,6,0.21234734,0.21234734
Sv2b,mz.297.069625,6,-0.21227154,0.21227154
Sv2b,mz.298.06399999999996,6,-0.21207705,0.21207705
Nptxr,mz.298.062905,6,-0.21119887,0.21119887
Slc30a3,mz.298.06399999999996,6,-0.21117148,0.21117148
Ppp3ca,mz.298.065095,6,-0.21115476,0.21115476
Ppp3ca,mz.297.06824,6,-0.21111083,0.21111083
Zbtb20,mz.560.1485299999999,6,0.21098486,0.21098486
Sv2b,mz.281.09517,6,-0.21083197,0.21083197
Mal,mz.297.069625,6,0.21067774,0.21067774
Rgs4,mz.259.113915,6,-0.21066207,0.21066207
Efnb3,mz.394.12496,6,0.21021953,0.21021953
Nptxr,mz.298.06399999999996,6,-0.21014813,0.21014813
Pvalb,mz.592.09793,6,-0.21010396,0.21010396
Nptx1,mz.258.110295,6,-0.20955375,0.20955375
Apod,mz.297.06824,6,0.209299,0.209299
Pvalb,mz.560.1485299999999,6,-0.20906731,0.20906731
Plp1,mz.560.1485299999999,6,0.20896722,0.20896722
Mal,mz.298.062905,6,0.20890754,0.20890754
Efnb3,mz.592.09793,6,0.20865831,0.20865831
Nptxr,mz.281.09517,6,-0.20860192,0.20860192
Mbp,mz.592.09793,6,0.20859449,0.20859449
Ptgds,mz.298.065095,6,0.20850879,0.20850879
Apod,mz.298.065095,6,0.20839459,0.20839459
mt-Nd4,mz.562.323125,6,0.20807357,0.20807357
Efhd2,mz.258.110295,6,-0.20725447,0.20725447
Ttc9b,mz.297.070615,6,-0.20692965,0.20692965
Ttc9b,mz.592.0904700000001,6,-0.2068312,0.2068312
Slc30a3,mz.297.06824,6,-0.20664951,0.20664951
Zbtb20,mz.280.092375,6,0.20661357,0.20661357
Nptx1,mz.562.323125,6,-0.20656873,0.20656873
Trf,mz.296.06595500000003,6,0.20645574,0.20645574
Sox11,mz.258.110295,6,0.20634615,0.20634615
Nptxr,mz.562.323125,6,-0.2062537,0.2062537
Mal,mz.298.06399999999996,6,0.20610419,0.20610419
Cnp,mz.296.06595500000003,6,0.20590529,0.20590529
Ttc9b,mz.280.092375,6,-0.20590058,0.20590058
Ttc9b,mz.296.06595500000003,6,-0.20571196,0.20571196
Cnp,mz.592.0904700000001,6,0.20561343,0.20561343
Trf,mz.297.069625,6,0.20549686,0.20549686
Sv2b,mz.259.11330999999996,6,-0.20542917,0.20542917
Trf,mz.592.0904700000001,6,0.20542516,0.20542516
Sv2b,mz.298.065095,6,-0.20491534,0.20491534
Sncb,mz.258.110295,6,-0.20465967,0.20465967
Plp1,mz.258.110295,6,0.2045926,0.2045926
Sncb,mz.516.190135,6,-0.20450632,0.20450632
Ttc9b,mz.560.1485299999999,6,-0.20443466,0.20443466
Plp1,mz.280.092375,6,0.20437947,0.20437947
Nptxr,mz.297.06824,6,-0.20428754,0.20428754
Rgs7bp,mz.592.09793,6,-0.20416799,0.20416799
Ppp3ca,mz.258.110295,6,-0.20415309,0.20415309
Trf,mz.298.062905,6,0.20411435,0.20411435
Trf,mz.298.06399999999996,6,0.203279,0.203279
Ndrg1,mz.297.070615,6,0.20309204,0.20309204
Slc30a3,mz.298.065095,6,-0.20272183,0.20272183
Pvalb,mz.562.323125,6,-0.20266442,0.20266442
Pvalb,mz.280.092375,6,-0.20238669,0.20238669
Sv2b,mz.297.06824,6,-0.20231202,0.20231202
Cnp,mz.297.069625,6,0.20220444,0.20220444
Nptxr,mz.298.065095,6,-0.20199051,0.20199051
Ttc9b,mz.297.069625,6,-0.20181844,0.20181844
Ppp3ca,mz.394.12496,6,-0.20142433,0.20142433
Nptx1,mz.592.0904700000001,6,-0.2011075,0.2011075
Ppp3ca,mz.516.190135,6,-0.20048353,0.20048353
Vxn,mz.592.09793,6,-0.20027155,0.20027155
Mbp,mz.560.1485299999999,6,0.20002519,0.20002519
Slc30a3,mz.560.1485299999999,6,-0.19992194,0.19992194
Slc30a3,mz.259.11330999999996,6,-0.19987473,0.19987473
Pvalb,mz.281.09517,6,-0.19978926,0.19978926
Ttc9b,mz.298.062905,6,-0.199755,0.199755
Dbi,mz.280.092375,6,0.19968575,0.19968575
Dbi,mz.560.1485299999999,6,0.19927703,0.19927703
Nptx1,mz.296.06595500000003,6,-0.19916898,0.19916898
Trf,mz.298.065095,6,0.19910163,0.19910163
Sox11,mz.516.190135,6,0.19841099,0.19841099
Mal,mz.297.06824,6,0.19822702,0.19822702
Zbtb20,mz.281.09517,6,0.19790226,0.19790226
Ttc9b,mz.298.06399999999996,6,-0.19775003,0.19775003
Nptx1,mz.297.070615,6,-0.19725221,0.19725221
Mbp,mz.280.092375,6,0.19708148,0.19708148
Mal,mz.298.065095,6,0.19688877,0.19688877
Ttc9b,mz.259.11330999999996,6,-0.19640386,0.19640386
Cnp,mz.298.062905,6,0.19590043,0.19590043
Apod,mz.592.09793,6,0.19564219,0.19564219
Sv2b,mz.259.113915,6,-0.1955952,0.1955952
Zbtb20,mz.562.323125,6,0.19559234,0.19559234
Nptx1,mz.297.069625,6,-0.19526032,0.19526032
Ccdc153,mz.280.092375,6,0.19520676,0.19520676
Sox11,mz.394.12496,6,0.19515647,0.19515647
Nptx1,mz.394.12496,6,-0.1949088,0.1949088
Slc30a3,mz.280.092375,6,-0.19483626,0.19483626
Ipcef1,mz.516.190135,6,-0.19403455,0.19403455
Trf,mz.297.06824,6,0.19382004,0.19382004
Ttc9b,mz.297.06824,6,-0.19349739,0.19349739
Cnp,mz.298.06399999999996,6,0.19347538,0.19347538
Nptxr,mz.259.11330999999996,6,-0.19343297,0.19343297
Mal,mz.592.09793,6,0.19331801,0.19331801
Slc30a3,mz.592.09793,6,-0.1931837,0.1931837
Nptx1,mz.298.062905,6,-0.1929779,0.1929779
Nptx1,mz.298.06399999999996,6,-0.19296756,0.19296756
Ccdc153,mz.560.1485299999999,6,0.19284916,0.19284916
Slc30a3,mz.259.113915,6,-0.19209331,0.19209331
Sox11,mz.259.11330999999996,6,0.19145572,0.19145572
Efnb3,mz.259.11330999999996,6,0.19113415,0.19113415
Efnb3,mz.560.1485299999999,6,0.19083366,0.19083366
Cnp,mz.297.06824,6,0.19078651,0.19078651
Efhd2,mz.259.11330999999996,6,-0.19077572,0.19077572
Efnb3,mz.280.092375,6,0.19025406,0.19025406
Sncb,mz.297.070615,6,-0.18998095,0.18998095
Dbi,mz.258.110295,6,0.1894781,0.1894781
Nptx1,mz.259.11330999999996,6,-0.18945436,0.18945436
Sv2b,mz.592.09793,6,-0.18922384,0.18922384
Ttc9b,mz.259.113915,6,-0.18915641,0.18915641
Sncb,mz.592.0904700000001,6,-0.18911129,0.18911129
Plp1,mz.394.12496,6,0.18887834,0.18887834
Ptgds,mz.592.09793,6,0.18882911,0.18882911
Nptx1,mz.297.06824,6,-0.18866059,0.18866059
Ppp3ca,mz.592.09793,6,-0.18853077,0.18853077
Mbp,mz.516.190135,6,0.18809794,0.18809794
Nptxr,mz.592.09793,6,-0.18805808,0.18805808
Mobp,mz.516.190135,6,0.1878504,0.1878504
Nptxr,mz.259.113915,6,-0.1877965,0.1877965
Ipcef1,mz.258.110295,6,-0.18773945,0.18773945
Dbi,mz.297.070615,6,0.18773785,0.18773785
Nptx1,mz.560.1485299999999,6,-0.18711737,0.18711737
Ptgds,mz.258.110295,6,0.18702275,0.18702275
Sncb,mz.296.06595500000003,6,-0.18698007,0.18698007
Nptx1,mz.280.092375,6,-0.18685678,0.18685678
Mag,mz.297.070615,6,0.18674257,0.18674257
Sncb,mz.562.323125,6,-0.1865215,0.1865215
Trf,mz.592.09793,6,0.18626992,0.18626992
Nptx1,mz.298.065095,6,-0.18617389,0.18617389
Dbi,mz.296.06595500000003,6,0.18594062,0.18594062
Dbi,mz.592.0904700000001,6,0.18593511,0.18593511
Ttc9b,mz.298.065095,6,-0.18583852,0.18583852
Sox11,mz.259.113915,6,0.18535663,0.18535663
Ptgds,mz.516.190135,6,0.18504892,0.18504892
Efhd2,mz.259.113915,6,-0.18482459,0.18482459
Sncb,mz.259.11330999999996,6,-0.1845001,0.1845001
Ppp3ca,mz.281.09517,6,-0.1844806,0.1844806
Mobp,mz.560.1485299999999,6,0.18405055,0.18405055
Cnp,mz.298.065095,6,0.1835402,0.1835402
Mbp,mz.281.09517,6,0.1834435,0.1834435
Efhd2,mz.394.12496,6,-0.18333203,0.18333203
Dbi,mz.297.069625,6,0.1829355,0.1829355
Sv2b,mz.562.323125,6,-0.18257695,0.18257695
Apod,mz.516.190135,6,0.18229215,0.18229215
Plp1,mz.281.09517,6,0.18212067,0.18212067
Efnb3,mz.259.113915,6,0.1820992,0.1820992
Nptx1,mz.259.113915,6,-0.18161404,0.18161404
Ttc9b,mz.281.09517,6,-0.18129689,0.18129689
Ccdc153,mz.281.09517,6,0.18119833,0.18119833
Mobp,mz.280.092375,6,0.1811822,0.1811822
Mobp,mz.258.110295,6,0.1811741,0.1811741
Efhd2,mz.281.09517,6,-0.1810935,0.1810935
Sncb,mz.297.069625,6,-0.1809693,0.1809693
Sncb,mz.259.113915,6,-0.18083903,0.18083903
Plp1,mz.259.11330999999996,6,0.1806559,0.1806559
Ptgds,mz.394.12496,6,0.18032047,0.18032047
Dbi,mz.298.06399999999996,6,0.180198,0.180198
Ipcef1,mz.394.12496,6,-0.18013166,0.18013166
Efhd2,mz.560.1485299999999,6,-0.17997405,0.17997405
Dbi,mz.516.190135,6,0.17979926,0.17979926
Efnb3,mz.281.09517,6,0.1796552,0.1796552
Sncb,mz.298.06399999999996,6,-0.1794428,0.1794428
Ndrg1,mz.297.069625,6,0.17938425,0.17938425
Efhd2,mz.562.323125,6,-0.179003,0.179003
Ndrg1,mz.296.06595500000003,6,0.1783907,0.1783907
Dbi,mz.298.065095,6,0.17826775,0.17826775
Cd24a,mz.280.092375,6,0.17825584,0.17825584
Tmem88b,mz.297.070615,6,0.17821512,0.17821512
Efhd2,mz.280.092375,6,-0.17804632,0.17804632
Sox11,mz.592.0904700000001,6,0.17781125,0.17781125
Mag,mz.296.06595500000003,6,0.17770174,0.17770174
Sox11,mz.296.06595500000003,6,0.17762212,0.17762212
Ipcef1,mz.280.092375,6,-0.17761096,0.17761096
Dbi,mz.259.11330999999996,6,0.17759097,0.17759097
Dbi,mz.298.062905,6,0.17755617,0.17755617
Dbi,mz.281.09517,6,0.17753077,0.17753077
Sncb,mz.394.12496,6,-0.1774084,0.1774084
Sncb,mz.298.062905,6,-0.1773035,0.1773035
Cnp,mz.592.09793,6,0.1772759,0.1772759
Efhd2,mz.592.0904700000001,6,-0.17725074,0.17725074
Sox11,mz.280.092375,6,0.17721227,0.17721227
Sncb,mz.298.065095,6,-0.1769709,0.1769709
Mag,mz.592.0904700000001,6,0.17655241,0.17655241
Ndrg1,mz.592.0904700000001,6,0.17648491,0.17648491
Dbi,mz.297.06824,6,0.17643067,0.17643067
Apod,mz.560.1485299999999,6,0.17628235,0.17628235
Nptx1,mz.281.09517,6,-0.1761188,0.1761188
Ipcef1,mz.560.1485299999999,6,-0.17608532,0.17608532
Mbp,mz.258.110295,6,0.17536198,0.17536198
Ppp3ca,mz.259.11330999999996,6,-0.17531176,0.17531176
Apod,mz.280.092375,6,0.17425786,0.17425786
Efhd2,mz.297.070615,6,-0.17424057,0.17424057
Efhd2,mz.297.069625,6,-0.17392576,0.17392576
Cd24a,mz.560.1485299999999,6,0.17383157,0.17383157
Efhd2,mz.296.06595500000003,6,-0.17381614,0.17381614
Ndrg1,mz.298.062905,6,0.17317764,0.17317764
Sox11,mz.298.062905,6,0.17300984,0.17300984
Tmem88b,mz.296.06595500000003,6,0.17297836,0.17297836
Apod,mz.258.110295,6,0.17279485,0.17279485
Mag,mz.298.062905,6,0.17276447,0.17276447
Tmem88b,mz.297.069625,6,0.1727049,0.1727049
Dbi,mz.259.113915,6,0.17270178,0.17270178
Mag,mz.297.069625,6,0.17249075,0.17249075
Sncb,mz.297.06824,6,-0.17184535,0.17184535
Sox11,mz.298.06399999999996,6,0.17182118,0.17182118
Sox11,mz.297.069625,6,0.17175034,0.17175034
Tmem88b,mz.592.0904700000001,6,0.17172588,0.17172588
Mag,mz.298.06399999999996,6,0.17128694,0.17128694
Slc30a3,mz.281.09517,6,-0.17127,0.17127
Nts,mz.258.110295,6,0.17067964,0.17067964
Efhd2,mz.298.062905,6,-0.17065814,0.17065814
Tmem88b,mz.298.062905,6,0.17057568,0.17057568
Nts,mz.516.190135,6,0.17057443,0.17057443
Sox11,mz.560.1485299999999,6,0.17052987,0.17052987
Ipcef1,mz.592.0904700000001,6,-0.17052731,0.17052731
Plp1,mz.259.113915,6,0.17050466,0.17050466
Sox11,mz.297.06824,6,0.17019358,0.17019358
Nts,mz.259.11330999999996,6,0.17018947,0.17018947
Ttc9b,mz.592.09793,6,-0.17003399,0.17003399
Sncb,mz.592.09793,6,-0.16999604,0.16999604
Ipcef1,mz.562.323125,6,-0.16984984,0.16984984
Sncb,mz.281.09517,6,-0.16981307,0.16981307
Ipcef1,mz.296.06595500000003,6,-0.16955987,0.16955987
Ipcef1,mz.297.070615,6,-0.16942623,0.16942623
Efhd2,mz.298.06399999999996,6,-0.16918594,0.16918594
Tmem88b,mz.298.06399999999996,6,0.16905889,0.16905889
Nts,mz.394.12496,6,0.16903438,0.16903438
Apod,mz.394.12496,6,0.16834986,0.16834986
Ndrg1,mz.298.06399999999996,6,0.16813143,0.16813143
Efhd2,mz.297.06824,6,-0.16752933,0.16752933
Mbp,mz.394.12496,6,0.16740829,0.16740829
Plaat3,mz.297.070615,6,0.1672489,0.1672489
Nts,mz.259.113915,6,0.1670824,0.1670824
Sox11,mz.298.065095,6,0.16704512,0.16704512
Nptx1,mz.592.09793,6,-0.1669719,0.1669719
Mobp,mz.281.09517,6,0.16689329,0.16689329
Sncb,mz.560.1485299999999,6,-0.16688317,0.16688317
Sncb,mz.280.092375,6,-0.16675621,0.16675621
Ndrg1,mz.297.06824,6,0.16659525,0.16659525
Sox11,mz.281.09517,6,0.16620931,0.16620931
Tmem88b,mz.297.06824,6,0.16583547,0.16583547
Plaat3,mz.298.065095,6,0.16572574,0.16572574
Ipcef1,mz.298.062905,6,-0.16557628,0.16557628
Plaat3,mz.298.06399999999996,6,0.16545281,0.16545281
Ipcef1,mz.281.09517,6,-0.16535303,0.16535303
Ipcef1,mz.297.069625,6,-0.1648114,0.1648114
Dbi,mz.592.09793,6,0.16414385,0.16414385
Ipcef1,mz.298.06399999999996,6,-0.16396093,0.16396093
Gjb1,mz.298.062905,6,0.16394404,0.16394404
Wscd1,mz.297.070615,6,0.16389272,0.16389272
Plaat3,mz.296.06595500000003,6,0.16373596,0.16373596
Mag,mz.298.065095,6,0.16351837,0.16351837
Plaat3,mz.298.062905,6,0.16349143,0.16349143
Dbi,mz.394.12496,6,0.16328302,0.16328302
Apod,mz.281.09517,6,0.16308385,0.16308385
Plaat3,mz.297.069625,6,0.16281986,0.16281986
Nts,mz.562.323125,6,0.16236378,0.16236378
Gab1,mz.297.070615,6,0.16235025,0.16235025
Trf,mz.560.1485299999999,6,0.16228482,0.16228482
Trf,mz.280.092375,6,0.1622026,0.1622026
Ipcef1,mz.259.11330999999996,6,-0.16191459,0.16191459
Efhd2,mz.298.065095,6,-0.16174038,0.16174038
Phldb1,mz.297.070615,6,0.1615329,0.1615329
Mag,mz.297.06824,6,0.16152592,0.16152592
Mog,mz.297.070615,6,0.16151893,0.16151893
Ptgds,mz.259.11330999999996,6,0.16150993,0.16150993
Tmem88b,mz.298.065095,6,0.16150457,0.16150457
Sox11,mz.297.070615,6,0.16138169,0.16138169
Gjb1,mz.297.070615,6,0.1613191,0.1613191
Ppp3ca,mz.259.113915,6,-0.16114943,0.16114943
Gjb1,mz.298.06399999999996,6,0.15979297,0.15979297
Gjb1,mz.296.06595500000003,6,0.15909418,0.15909418
Sox11,mz.592.09793,6,0.15863259,0.15863259
Plaat3,mz.592.0904700000001,6,0.15855959,0.15855959
Ipcef1,mz.297.06824,6,-0.15854517,0.15854517
Cd24a,mz.281.09517,6,0.15853734,0.15853734
Cnp,mz.560.1485299999999,6,0.15824774,0.15824774
Ptgds,mz.562.323125,6,0.15820123,0.15820123
Ipcef1,mz.298.065095,6,-0.15802522,0.15802522
Tmem88b,mz.592.09793,6,0.15790594,0.15790594
Plaat3,mz.297.06824,6,0.15766811,0.15766811
Efnb3,mz.562.323125,6,0.15758844,0.15758844
Ptgds,mz.280.092375,6,0.157559,0.157559
Gjb1,mz.592.0904700000001,6,0.15719266,0.15719266
Efhd2,mz.592.09793,6,-0.1563216,0.1563216
Cnp,mz.516.190135,6,0.15619478,0.15619478
Cmtm5,mz.296.06595500000003,6,0.15557721,0.15557721
Ipcef1,mz.259.113915,6,-0.15546392,0.15546392
Cmtm5,mz.298.062905,6,0.15480278,0.15480278
Mag,mz.592.09793,6,0.15473628,0.15473628
Ndrg1,mz.298.065095,6,0.15461993,0.15461993
Mal,mz.516.190135,6,0.15458211,0.15458211
Cmtm5,mz.298.06399999999996,6,0.15455373,0.15455373
Ermn,mz.297.070615,6,0.15455012,0.15455012
Gjb1,mz.297.069625,6,0.15447056,0.15447056
Cnp,mz.280.092375,6,0.15406138,0.15406138
Ttc9b,mz.562.323125,6,-0.154017,0.154017
Sox11,mz.562.323125,6,0.15400904,0.15400904
Mal,mz.560.1485299999999,6,0.15395719,0.15395719
Cmtm5,mz.298.065095,6,0.15391755,0.15391755
Trf,mz.258.110295,6,0.15368816,0.15368816
Ptgds,mz.560.1485299999999,6,0.15338232,0.15338232
Wscd1,mz.297.069625,6,0.15314628,0.15314628
Cmtm5,mz.592.0904700000001,6,0.15309642,0.15309642
Mobp,mz.394.12496,6,0.1529429,0.1529429
Mal,mz.258.110295,6,0.15249927,0.15249927
Phldb1,mz.298.062905,6,0.15246488,0.15246488
Mobp,mz.259.11330999999996,6,0.15240778,0.15240778
Rims1,mz.297.070615,6,-0.15235461,0.15235461
Gjb1,mz.298.065095,6,0.151693,0.151693
Plaat3,mz.592.09793,6,0.15144423,0.15144423
Mal,mz.280.092375,6,0.15132697,0.15132697
Selenop,mz.297.070615,6,0.15119536,0.15119536
Trf,mz.516.190135,6,0.15064663,0.15064663
Wscd1,mz.296.06595500000003,6,0.1504645,0.1504645
Cnp,mz.258.110295,6,0.15042919,0.15042919
Phldb1,mz.297.069625,6,0.15038963,0.15038963
Ptgds,mz.259.113915,6,0.14988245,0.14988245
Phldb1,mz.592.0904700000001,6,0.14897642,0.14897642
Gjb1,mz.297.06824,6,0.14874505,0.14874505
Mag,mz.280.092375,6,0.14855736,0.14855736
Wscd1,mz.592.0904700000001,6,0.14847572,0.14847572
Plp1,mz.562.323125,6,0.14833279,0.14833279
Phldb1,mz.298.06399999999996,6,0.14784473,0.14784473
Mag,mz.560.1485299999999,6,0.14759281,0.14759281
Cmtm5,mz.297.070615,6,0.14745286,0.14745286
Gstp1,mz.297.070615,6,0.147264,0.147264
Rims1,mz.394.12496,6,-0.14716285,0.14716285
Phldb1,mz.296.06595500000003,6,0.14685038,0.14685038
Ndrg1,mz.592.09793,6,0.14644754,0.14644754
Rims1,mz.516.190135,6,-0.1462799,0.1462799
Mbp,mz.259.11330999999996,6,0.14626427,0.14626427
Wscd1,mz.297.06824,6,0.14620315,0.14620315
Cmtm5,mz.297.069625,6,0.14583834,0.14583834
Cnp,mz.281.09517,6,0.14506021,0.14506021
Ccdc153,mz.258.110295,6,0.14487842,0.14487842
Gab1,mz.592.0904700000001,6,0.14477032,0.14477032
Rims1,mz.298.065095,6,-0.14470194,0.14470194
Cd24a,mz.258.110295,6,0.14405596,0.14405596
Mog,mz.297.069625,6,0.14395717,0.14395717
Mal,mz.394.12496,6,0.14389656,0.14389656
Rims1,mz.298.06399999999996,6,-0.14378873,0.14378873
Gna12,mz.297.070615,6,0.14373271,0.14373271
Rims1,mz.592.0904700000001,6,-0.1437029,0.1437029
Wscd1,mz.298.065095,6,0.14368816,0.14368816
Gab1,mz.296.06595500000003,6,0.14356244,0.14356244
Mag,mz.516.190135,6,0.14356165,0.14356165
Selenop,mz.592.0904700000001,6,0.14341082,0.14341082
Gab1,mz.297.069625,6,0.14335325,0.14335325
Rims1,mz.296.06595500000003,6,-0.14312252,0.14312252
Wscd1,mz.298.06399999999996,6,0.14310218,0.14310218
Phldb1,mz.297.06824,6,0.14296395,0.14296395
Selenop,mz.296.06595500000003,6,0.1429309,0.1429309
Plaat3,mz.258.110295,6,0.14287212,0.14287212
Mag,mz.258.110295,6,0.14259098,0.14259098
Ipcef1,mz.592.09793,6,-0.14255428,0.14255428
Rgs4,mz.562.323125,6,-0.14249304,0.14249304
Wscd1,mz.298.062905,6,0.14237599,0.14237599
Mobp,mz.259.113915,6,0.14213476,0.14213476
Ndrg1,mz.516.190135,6,0.14195883,0.14195883
Gstm7,mz.280.092375,6,0.14097774,0.14097774
Gstm7,mz.560.1485299999999,6,0.14096308,0.14096308
Selenop,mz.297.069625,6,0.14096236,0.14096236
Rims1,mz.298.062905,6,-0.1407852,0.1407852
Cmtm5,mz.592.09793,6,0.14071588,0.14071588
mt-Nd4,mz.258.110295,6,0.14055404,0.14055404
Rims1,mz.297.069625,6,-0.14046848,0.14046848
Trf,mz.281.09517,6,0.14034542,0.14034542
Cmtm5,mz.297.06824,6,0.14032523,0.14032523
Rims1,mz.258.110295,6,-0.14017251,0.14017251
Ermn,mz.592.0904700000001,6,0.13990834,0.13990834
Ndrg1,mz.394.12496,6,0.13982192,0.13982192
Mog,mz.592.0904700000001,6,0.13957894,0.13957894
Mog,mz.296.06595500000003,6,0.1390273,0.1390273
Gna12,mz.296.06595500000003,6,0.1383704,0.1383704
Gna12,mz.298.06399999999996,6,0.13808224,0.13808224
Cd24a,mz.516.190135,6,0.13805613,0.13805613
Phldb1,mz.298.065095,6,0.13777384,0.13777384
Wscd1,mz.592.09793,6,0.13758482,0.13758482
Mbp,mz.562.323125,6,0.13716072,0.13716072
Mbp,mz.259.113915,6,0.13687882,0.13687882
Nts,mz.280.092375,6,0.13679542,0.13679542
Trf,mz.259.11330999999996,6,0.13666427,0.13666427
Nts,mz.560.1485299999999,6,0.13666275,0.13666275
Gna12,mz.592.0904700000001,6,0.13664117,0.13664117
Ermn,mz.296.06595500000003,6,0.13630787,0.13630787
Gjb1,mz.592.09793,6,0.13612406,0.13612406
Gna12,mz.298.065095,6,0.13604008,0.13604008
Dbi,mz.562.323125,6,0.13602442,0.13602442
Selenop,mz.298.062905,6,0.13586769,0.13586769
Gna12,mz.298.062905,6,0.13585591,0.13585591
Gab1,mz.298.062905,6,0.13575052,0.13575052
Rgs7bp,mz.562.323125,6,-0.13569893,0.13569893
Tmem88b,mz.560.1485299999999,6,0.1355189,0.1355189
Ptgds,mz.281.09517,6,0.13532178,0.13532178
Plaat3,mz.516.190135,6,0.13529322,0.13529322
mt-Nd4,mz.280.092375,6,0.13509773,0.13509773
Ndrg1,mz.258.110295,6,0.13480431,0.13480431
Mog,mz.297.06824,6,0.13443586,0.13443586
Phldb1,mz.592.09793,6,0.13433796,0.13433796
Ndrg1,mz.280.092375,6,0.13409692,0.13409692
Selenop,mz.298.06399999999996,6,0.13397479,0.13397479
Selenop,mz.297.06824,6,0.13390297,0.13390297
mt-Nd4,mz.516.190135,6,0.13375895,0.13375895
Ndrg1,mz.560.1485299999999,6,0.13366038,0.13366038
Apod,mz.259.11330999999996,6,0.13362104,0.13362104
Rims1,mz.297.06824,6,-0.1332779,0.1332779
Ccdc153,mz.516.190135,6,0.13308002,0.13308002
Mobp,mz.562.323125,6,0.13300014,0.13300014
Gab1,mz.298.06399999999996,6,0.13298465,0.13298465
Gna12,mz.297.069625,6,0.13290021,0.13290021
Ermn,mz.297.069625,6,0.13267936,0.13267936
Gab1,mz.297.06824,6,0.13253242,0.13253242
Cnp,mz.394.12496,6,0.13252985,0.13252985
Mog,mz.298.062905,6,0.13241151,0.13241151
Mog,mz.298.06399999999996,6,0.13166648,0.13166648
Gstm7,mz.296.06595500000003,6,0.1314162,0.1314162
Rims1,mz.259.11330999999996,6,-0.13136172,0.13136172
Mag,mz.281.09517,6,0.13125993,0.13125993
Nts,mz.296.06595500000003,6,0.13097027,0.13097027
Gna12,mz.592.09793,6,0.13096654,0.13096654
Nts,mz.592.0904700000001,6,0.13076967,0.13076967
Mal,mz.281.09517,6,0.13054341,0.13054341
Gstm7,mz.592.0904700000001,6,0.13053486,0.13053486
mt-Nd4,mz.296.06595500000003,6,0.13049573,0.13049573
mt-Nd4,mz.297.070615,6,0.13044757,0.13044757
mt-Nd4,mz.560.1485299999999,6,0.13028346,0.13028346
Selenop,mz.394.12496,6,0.1302199,0.1302199
Trf,mz.259.113915,6,0.13009185,0.13009185
Prr18,mz.298.062905,6,0.13005953,0.13005953
Prr18,mz.296.06595500000003,6,0.13004322,0.13004322
Mag,mz.394.12496,6,0.13002858,0.13002858
mt-Nd4,mz.394.12496,6,0.12975526,0.12975526
Gstm7,mz.281.09517,6,0.12969565,0.12969565
Tmem88b,mz.516.190135,6,0.12966576,0.12966576
Rims1,mz.259.113915,6,-0.12950146,0.12950146
Ermn,mz.298.06399999999996,6,0.12947997,0.12947997
Ermn,mz.298.062905,6,0.12940076,0.12940076
Sox10,mz.297.070615,6,0.12937476,0.12937476
Phgdh,mz.297.070615,6,0.12921391,0.12921391
Wscd1,mz.258.110295,6,0.1290313,0.1290313
Nts,mz.297.070615,6,0.12849228,0.12849228
Apod,mz.562.323125,6,0.1284708,0.1284708
Nts,mz.297.069625,6,0.12842017,0.12842017
Sox10,mz.592.0904700000001,6,0.12834053,0.12834053
Cd24a,mz.259.11330999999996,6,0.12820835,0.12820835
Gstm7,mz.297.070615,6,0.12799276,0.12799276
mt-Nd4,mz.592.0904700000001,6,0.12778197,0.12778197
Gstm7,mz.297.069625,6,0.12774912,0.12774912
Gna12,mz.297.06824,6,0.12753746,0.12753746
Tmem88b,mz.280.092375,6,0.12733406,0.12733406
Sox10,mz.296.06595500000003,6,0.12722167,0.12722167
Wscd1,mz.516.190135,6,0.12706602,0.12706602
Nts,mz.281.09517,6,0.12679254,0.12679254
Gstm7,mz.298.062905,6,0.12661211,0.12661211
Gstp1,mz.592.0904700000001,6,0.12656137,0.12656137
Cnp,mz.259.11330999999996,6,0.12644713,0.12644713
Selenop,mz.516.190135,6,0.12631345,0.12631345
Rhog,mz.297.070615,6,0.12627319,0.12627319
Ccdc153,mz.394.12496,6,0.12626728,0.12626728
Prr18,mz.592.0904700000001,6,0.12597063,0.12597063
Tmem88b,mz.394.12496,6,0.12596932,0.12596932
Ccdc153,mz.259.11330999999996,6,0.12593795,0.12593795
Selenop,mz.258.110295,6,0.12587906,0.12587906
Mal,mz.259.11330999999996,6,0.12558252,0.12558252
Gstm7,mz.297.06824,6,0.12553814,0.12553814
Nts,mz.297.06824,6,0.12546057,0.12546057
Trf,mz.394.12496,6,0.12535879,0.12535879
Ccdc153,mz.259.113915,6,0.12530425,0.12530425
Cmtm5,mz.258.110295,6,0.1251144,0.1251144
Tmem88b,mz.258.110295,6,0.12505017,0.12505017
Mog,mz.298.065095,6,0.12490851,0.12490851
Cd24a,mz.394.12496,6,0.12490611,0.12490611
Gab1,mz.516.190135,6,0.12477698,0.12477698
Selenop,mz.298.065095,6,0.12463365,0.12463365
Plaat3,mz.259.11330999999996,6,0.12455832,0.12455832
Nts,mz.298.062905,6,0.124556676,0.124556676
Gab1,mz.298.065095,6,0.12453962,0.12453962
Wscd1,mz.394.12496,6,0.12440592,0.12440592
Rims1,mz.560.1485299999999,6,-0.12414787,0.12414787
Nts,mz.298.065095,6,0.12391612,0.12391612
Mag,mz.259.11330999999996,6,0.123821124,0.123821124
Nts,mz.298.06399999999996,6,0.123775244,0.123775244
Prr18,mz.297.070615,6,0.12373435,0.12373435
Cmtm5,mz.516.190135,6,0.12342568,0.12342568
Phgdh,mz.297.069625,6,0.12330786,0.12330786
mt-Nd4,mz.297.069625,6,0.123284005,0.123284005
Phgdh,mz.592.0904700000001,6,0.12322399,0.12322399
mt-Nd4,mz.298.065095,6,0.1232102,0.1232102
Gstp1,mz.296.06595500000003,6,0.1229874,0.1229874
Prr18,mz.298.06399999999996,6,0.122975215,0.122975215
Selenop,mz.560.1485299999999,6,0.122932754,0.122932754
Gstm7,mz.298.06399999999996,6,0.12282144,0.12282144
Ermn,mz.298.065095,6,0.12255795,0.12255795
Ermn,mz.297.06824,6,0.122524284,0.122524284
Phgdh,mz.296.06595500000003,6,0.122364454,0.122364454
Selenop,mz.280.092375,6,0.122337736,0.122337736
Mog,mz.592.09793,6,0.12231625,0.12231625
Sox10,mz.297.069625,6,0.122143835,0.122143835
Rims1,mz.592.09793,6,-0.12202782,0.12202782
Apod,mz.259.113915,6,0.12200856,0.12200856
Gstp1,mz.298.06399999999996,6,0.12178983,0.12178983
Prr18,mz.297.069625,6,0.121721596,0.121721596
Gstp1,mz.297.069625,6,0.12163031,0.12163031
Cd24a,mz.259.113915,6,0.12138863,0.12138863
Sox10,mz.298.062905,6,0.12131831,0.12131831
Gstm7,mz.258.110295,6,0.12120174,0.12120174
Plaat3,mz.280.092375,6,0.12119031,0.12119031
mt-Nd4,mz.298.062905,6,0.1210503,0.1210503
Phgdh,mz.298.06399999999996,6,0.1210157,0.1210157
Plaat3,mz.259.113915,6,0.12087372,0.12087372
Gstp1,mz.298.062905,6,0.12087354,0.12087354
Wscd1,mz.280.092375,6,0.12077902,0.12077902
Rims1,mz.280.092375,6,-0.12072776,0.12072776
Ndrg1,mz.281.09517,6,0.120703295,0.120703295
Phgdh,mz.298.062905,6,0.120416954,0.120416954
Sox10,mz.298.06399999999996,6,0.120227724,0.120227724
mt-Nd4,mz.259.11330999999996,6,0.11991839,0.11991839
Gstp1,mz.298.065095,6,0.119574286,0.119574286
Gab1,mz.560.1485299999999,6,0.11950411,0.11950411
Mag,mz.259.113915,6,0.11944176,0.11944176
Cnp,mz.259.113915,6,0.11905605,0.11905605
mt-Nd4,mz.298.06399999999996,6,0.11896986,0.11896986
Gstm7,mz.516.190135,6,0.118886866,0.118886866
mt-Nd4,mz.297.06824,6,0.11885573,0.11885573
Mal,mz.259.113915,6,0.11873269,0.11873269
Ermn,mz.592.09793,6,0.11807719,0.11807719
Prr18,mz.297.06824,6,0.11790234,0.11790234
Rims1,mz.562.323125,6,-0.11753973,0.11753973
Sox10,mz.298.065095,6,0.11743376,0.11743376
Gstm7,mz.592.09793,6,0.11707552,0.11707552
Phgdh,mz.298.065095,6,0.117059015,0.117059015
Selenop,mz.592.09793,6,0.11699198,0.11699198
Phgdh,mz.297.06824,6,0.116946116,0.116946116
Rhog,mz.592.0904700000001,6,0.116885245,0.116885245
Wscd1,mz.560.1485299999999,6,0.11676899,0.11676899
Gab1,mz.258.110295,6,0.11645843,0.11645843
Gstm7,mz.259.11330999999996,6,0.11634347,0.11634347
Gstm7,mz.394.12496,6,0.11624952,0.11624952
Nts,mz.592.09793,6,0.116049536,0.116049536
Gstm7,mz.298.065095,6,0.11601041,0.11601041
Sox10,mz.297.06824,6,0.11598267,0.11598267
Plaat3,mz.560.1485299999999,6,0.11572143,0.11572143
Wscd1,mz.281.09517,6,0.1156392,0.1156392
Tmem88b,mz.259.11330999999996,6,0.11543356,0.11543356
Rhog,mz.297.069625,6,0.11535918,0.11535918
Prr18,mz.592.09793,6,0.114745624,0.114745624
Gna12,mz.258.110295,6,0.11474399,0.11474399
Gjb1,mz.394.12496,6,0.114616856,0.114616856
Cmtm5,mz.280.092375,6,0.11441927,0.11441927
Rhog,mz.296.06595500000003,6,0.11425443,0.11425443
mt-Nd4,mz.259.113915,6,0.113940656,0.113940656
Gab1,mz.280.092375,6,0.11322449,0.11322449
Tmem88b,mz.259.113915,6,0.11315544,0.11315544
Rhog,mz.298.062905,6,0.112919465,0.112919465
Gab1,mz.592.09793,6,0.11274314,0.11274314
Gjb1,mz.516.190135,6,0.112427905,0.112427905
Rhog,mz.298.06399999999996,6,0.112265915,0.112265915
Gjb1,mz.258.110295,6,0.11205958,0.11205958
Plaat3,mz.281.09517,6,0.11181098,0.11181098
Prr18,mz.298.065095,6,0.11167919,0.11167919
Gstp1,mz.516.190135,6,0.11148692,0.11148692
Wscd1,mz.259.11330999999996,6,0.111409545,0.111409545
Sox10,mz.592.09793,6,0.111178584,0.111178584
Ndrg1,mz.259.11330999999996,6,0.11113329,0.11113329
Cmtm5,mz.394.12496,6,0.11110603,0.11110603
Gstm7,mz.259.113915,6,0.111080244,0.111080244
Plaat3,mz.394.12496,6,0.110857114,0.110857114
Phgdh,mz.516.190135,6,0.11076915,0.11076915
mt-Nd4,mz.281.09517,6,0.11059256,0.11059256
Gstp1,mz.297.06824,6,0.11044473,0.11044473
Cmtm5,mz.259.11330999999996,6,0.11039758,0.11039758
Mog,mz.516.190135,6,0.10942868,0.10942868
Phldb1,mz.516.190135,6,0.10912053,0.10912053
Gna12,mz.516.190135,6,0.10855229,0.10855229
Rhog,mz.297.06824,6,0.10802083,0.10802083
Tmem88b,mz.281.09517,6,0.10793325,0.10793325
Selenop,mz.281.09517,6,0.10765409,0.10765409
Wscd1,mz.259.113915,6,0.10679168,0.10679168
Gstp1,mz.394.12496,6,0.10665431,0.10665431
Mog,mz.258.110295,6,0.10661067,0.10661067
Phgdh,mz.592.09793,6,0.10652249,0.10652249
Ermn,mz.516.190135,6,0.106425434,0.106425434
Phldb1,mz.280.092375,6,0.10587912,0.10587912
Rhog,mz.298.065095,6,0.10577905,0.10577905
Gjb1,mz.280.092375,6,0.10517867,0.10517867
Phldb1,mz.258.110295,6,0.10495043,0.10495043
Selenop,mz.259.11330999999996,6,0.10401839,0.10401839
Gjb1,mz.560.1485299999999,6,0.10386944,0.10386944
Ermn,mz.258.110295,6,0.10340301,0.10340301
Rims1,mz.281.09517,6,-0.10337447,0.10337447
Phgdh,mz.258.110295,6,0.10327284,0.10327284
Cmtm5,mz.259.113915,6,0.10292796,0.10292796
Gjb1,mz.281.09517,6,0.10233577,0.10233577
Selenop,mz.562.323125,6,0.10208719,0.10208719
Prr18,mz.516.190135,6,0.102023,0.102023
Cmtm5,mz.281.09517,6,0.10149624,0.10149624
Phldb1,mz.259.11330999999996,6,0.10138728,0.10138728
Ndrg1,mz.259.113915,6,0.10080607,0.10080607
Ralgds,mz.297.070615,6,0.10015219,0.10015219
Cmtm5,mz.560.1485299999999,6,0.10004233,0.10004233
Rhog,mz.592.09793,6,0.09999004,0.09999004
Gstp1,mz.258.110295,6,0.09990814,0.09990814
Gjb1,mz.562.323125,6,0.09988485,0.09988485
Mog,mz.280.092375,6,0.099646345,0.099646345
Mog,mz.394.12496,6,0.09956815,0.09956815
Gna12,mz.281.09517,6,0.0992357,0.0992357
Selenop,mz.259.113915,6,0.09888184,0.09888184
Prr18,mz.258.110295,6,0.09882489,0.09882489
Phldb1,mz.560.1485299999999,6,0.09870796,0.09870796
mt-Nd4,mz.592.09793,6,0.098635934,0.098635934
Phldb1,mz.259.113915,6,0.09842406,0.09842406
Gab1,mz.394.12496,6,0.098104864,0.098104864
Pcp4,mz.280.092375,6,-0.097877815,0.097877815
Gna12,mz.259.11330999999996,6,0.09741426,0.09741426
Gstp1,mz.592.09793,6,0.09717173,0.09717173
Phgdh,mz.394.12496,6,0.097053126,0.097053126
Gna12,mz.259.113915,6,0.09619898,0.09619898
Sox10,mz.516.190135,6,0.09618675,0.09618675
Phldb1,mz.281.09517,6,0.09606607,0.09606607
Mog,mz.560.1485299999999,6,0.095865816,0.095865816
Map4k4,mz.258.110295,6,0.09584716,0.09584716
C4b,mz.516.190135,6,0.09565698,0.09565698
Mal,mz.562.323125,6,0.095507056,0.095507056
Phgdh,mz.259.11330999999996,6,0.095405355,0.095405355
Gna12,mz.394.12496,6,0.095341705,0.095341705
Cd24a,mz.562.323125,6,0.09530963,0.09530963
Phldb1,mz.394.12496,6,0.09474986,0.09474986
Sox10,mz.394.12496,6,0.09474029,0.09474029
Gna12,mz.280.092375,6,0.093924284,0.093924284
Sox10,mz.258.110295,6,0.093911454,0.093911454
Pcp4,mz.562.323125,6,0.09362236,0.09362236
Ermn,mz.560.1485299999999,6,0.093477115,0.093477115
Plaat3,mz.562.323125,6,0.093248434,0.093248434
Phgdh,mz.259.113915,6,0.09314717,0.09314717
C4b,mz.297.070615,6,0.0930177,0.0930177
C4b,mz.592.0904700000001,6,0.09184487,0.09184487
Ermn,mz.394.12496,6,0.09184042,0.09184042
Map4k4,mz.516.190135,6,0.09140957,0.09140957
Cnp,mz.562.323125,6,0.09131065,0.09131065
Gna12,mz.560.1485299999999,6,0.09126242,0.09126242
Ermn,mz.280.092375,6,0.09100448,0.09100448
Prr18,mz.259.11330999999996,6,0.0908099,0.0908099
Mog,mz.281.09517,6,0.09013732,0.09013732
Pcp4,mz.560.1485299999999,6,-0.08966437,0.08966437
Ermn,mz.259.11330999999996,6,0.08915809,0.08915809
C4b,mz.296.06595500000003,6,0.08900903,0.08900903
Prr18,mz.259.113915,6,0.08897059,0.08897059
C4b,mz.258.110295,6,0.08842485,0.08842485
Gjb1,mz.259.11330999999996,6,0.08820392,0.08820392
Ermn,mz.281.09517,6,0.08812204,0.08812204
C4b,mz.560.1485299999999,6,0.08802153,0.08802153
Trf,mz.562.323125,6,0.08778164,0.08778164
Prr18,mz.281.09517,6,0.087549284,0.087549284
C4b,mz.298.062905,6,0.087345,0.087345
Map4k4,mz.297.06824,6,0.08729024,0.08729024
Map4k4,mz.297.069625,6,0.08722129,0.08722129
Gab1,mz.281.09517,6,0.08711457,0.08711457
Cmtm5,mz.562.323125,6,0.08708596,0.08708596
Phgdh,mz.560.1485299999999,6,0.08690992,0.08690992
Rhog,mz.516.190135,6,0.08688213,0.08688213
Map4k4,mz.296.06595500000003,6,0.08647947,0.08647947
Rhog,mz.560.1485299999999,6,0.08612512,0.08612512
Map4k4,mz.298.062905,6,0.08585952,0.08585952
Map4k4,mz.298.065095,6,0.08541262,0.08541262
C4b,mz.297.069625,6,0.084681354,0.084681354
Cd24a,mz.298.062905,6,0.08462503,0.08462503
Gab1,mz.259.11330999999996,6,0.084505856,0.084505856
Cd24a,mz.298.06399999999996,6,0.084471434,0.084471434
Map4k4,mz.298.06399999999996,6,0.084443256,0.084443256
C4b,mz.280.092375,6,0.08426933,0.08426933
Map4k4,mz.592.0904700000001,6,0.08409806,0.08409806
Cd24a,mz.296.06595500000003,6,0.084083825,0.084083825
Gjb1,mz.259.113915,6,0.08351892,0.08351892
C4b,mz.281.09517,6,0.08348567,0.08348567
Cd24a,mz.297.06824,6,0.08332188,0.08332188
C4b,mz.298.06399999999996,6,0.08326185,0.08326185
Map4k4,mz.592.09793,6,0.08294706,0.08294706
Map4k4,mz.281.09517,6,0.082935974,0.082935974
Cd24a,mz.298.065095,6,0.0827877,0.0827877
Map4k4,mz.259.113915,6,0.0826971,0.0826971
Rhog,mz.258.110295,6,0.08245281,0.08245281
Cd24a,mz.297.069625,6,0.0823943,0.0823943
Gna12,mz.562.323125,6,0.082304254,0.082304254
Map4k4,mz.560.1485299999999,6,0.082025886,0.082025886
Map4k4,mz.259.11330999999996,6,0.08166706,0.08166706
Prr18,mz.280.092375,6,0.08152779,0.08152779
Map4k4,mz.297.070615,6,0.08106236,0.08106236
Cd24a,mz.592.0904700000001,6,0.080991805,0.080991805
Ermn,mz.259.113915,6,0.08091973,0.08091973
C4b,mz.259.11330999999996,6,0.0806603,0.0806603
Map4k4,mz.280.092375,6,0.08057241,0.08057241
Prr18,mz.394.12496,6,0.08049264,0.08049264
Phgdh,mz.280.092375,6,0.080478795,0.080478795
C4b,mz.298.065095,6,0.08030706,0.08030706
Ralgds,mz.297.069625,6,0.080121726,0.080121726
Kif13b,mz.297.070615,6,0.08006613,0.08006613
Sox10,mz.259.11330999999996,6,0.07963844,0.07963844
C4b,mz.297.06824,6,0.07960386,0.07960386
Ppp3ca,mz.562.323125,6,-0.07957488,0.07957488
Gab1,mz.259.113915,6,0.07944098,0.07944098
Gstp1,mz.259.11330999999996,6,0.07912168,0.07912168
1700047M11Rik,mz.592.09793,6,0.078904875,0.078904875
Ralgds,mz.592.0904700000001,6,0.07842173,0.07842173
Phgdh,mz.562.323125,6,0.07810396,0.07810396
Mog,mz.259.11330999999996,6,0.07797377,0.07797377
Sox10,mz.562.323125,6,0.077953056,0.077953056
Tmem88b,mz.562.323125,6,0.07769611,0.07769611
Ralgds,mz.394.12496,6,0.077659875,0.077659875
Aspa,mz.298.065095,6,0.07726143,0.07726143
Kif13b,mz.592.0904700000001,6,0.077223346,0.077223346
Gstp1,mz.259.113915,6,0.07706005,0.07706005
Ccdc153,mz.562.323125,6,0.07705958,0.07705958
Pcp4,mz.281.09517,6,-0.07686412,0.07686412
Prr18,mz.560.1485299999999,6,0.07681862,0.07681862
Ralgds,mz.296.06595500000003,6,0.0762595,0.0762595
Rhog,mz.394.12496,6,0.07576827,0.07576827
Rhog,mz.280.092375,6,0.07563957,0.07563957
Ralgds,mz.298.062905,6,0.07548666,0.07548666
C4b,mz.259.113915,6,0.07541794,0.07541794
Sox10,mz.560.1485299999999,6,0.07517973,0.07517973
Kif13b,mz.296.06595500000003,6,0.07507956,0.07507956
Gab1,mz.562.323125,6,0.074943975,0.074943975
Cd24a,mz.297.070615,6,0.0748858,0.0748858
Aspa,mz.592.09793,6,0.07472344,0.07472344
Ralgds,mz.298.06399999999996,6,0.07468344,0.07468344
Ralgds,mz.298.065095,6,0.07439298,0.07439298
Sox10,mz.259.113915,6,0.0738406,0.0738406
Mog,mz.259.113915,6,0.073819295,0.073819295
Mag,mz.562.323125,6,0.07358159,0.07358159
Aspa,mz.592.0904700000001,6,0.07316339,0.07316339
Sox10,mz.280.092375,6,0.07312673,0.07312673
Aspa,mz.298.06399999999996,6,0.07311847,0.07311847
1700047M11Rik,mz.592.0904700000001,6,0.07255723,0.07255723
1700047M11Rik,mz.296.06595500000003,6,0.072345994,0.072345994
Ralgds,mz.297.06824,6,0.07196129,0.07196129
Cd24a,mz.592.09793,6,0.07190855,0.07190855
Kif13b,mz.297.069625,6,0.07126035,0.07126035
Ndrg1,mz.562.323125,6,0.071193695,0.071193695
Gstp1,mz.560.1485299999999,6,0.07083642,0.07083642
Ppp2r3a,mz.298.062905,6,0.0704,0.0704
Kif13b,mz.298.062905,6,0.069864035,0.069864035
Aspa,mz.296.06595500000003,6,0.06983843,0.06983843
Ppp2r3a,mz.298.06399999999996,6,0.069459856,0.069459856
Aspa,mz.298.062905,6,0.069306575,0.069306575
C4b,mz.562.323125,6,0.06918801,0.06918801
C4b,mz.394.12496,6,0.06915239,0.06915239
Ralgds,mz.562.323125,6,0.06880021,0.06880021
Wbp1,mz.562.323125,6,0.06870331,0.06870331
Aspa,mz.297.070615,6,0.06869093,0.06869093
Rhog,mz.281.09517,6,0.06834774,0.06834774
C4b,mz.592.09793,6,0.06831673,0.06831673
Gstp1,mz.280.092375,6,0.06814451,0.06814451
1700047M11Rik,mz.297.069625,6,0.067154065,0.067154065
Aspa,mz.297.069625,6,0.06695785,0.06695785
1700047M11Rik,mz.298.06399999999996,6,0.0668818,0.0668818
Ppp2r3a,mz.592.0904700000001,6,0.06682135,0.06682135
Ppp2r3a,mz.298.065095,6,0.066583246,0.066583246
1700047M11Rik,mz.297.06824,6,0.06647806,0.06647806
Kif13b,mz.297.06824,6,0.06597325,0.06597325
Kif13b,mz.298.06399999999996,6,0.065724455,0.065724455
Ccdc153,mz.297.070615,6,0.06565737,0.06565737
Ppp2r3a,mz.296.06595500000003,6,0.065307215,0.065307215
1700047M11Rik,mz.298.062905,6,0.06501351,0.06501351
1700047M11Rik,mz.298.065095,6,0.064823,0.064823
Map4k4,mz.394.12496,6,0.06480912,0.06480912
Ppp2r3a,mz.297.069625,6,0.06475884,0.06475884
Ralgds,mz.258.110295,6,0.06469973,0.06469973
Ppp2r3a,mz.297.06824,6,0.064234026,0.064234026
Sox10,mz.281.09517,6,0.06418007,0.06418007
1700047M11Rik,mz.297.070615,6,0.06395836,0.06395836
Gstp1,mz.281.09517,6,0.06385673,0.06385673
Aspa,mz.297.06824,6,0.06330763,0.06330763
Wbp1,mz.297.070615,6,0.06279498,0.06279498
Ppp2r3a,mz.592.09793,6,0.062431224,0.062431224
1700047M11Rik,mz.259.113915,6,0.06189207,0.06189207
Map4k4,mz.562.323125,6,0.06186703,0.06186703
Ccdc153,mz.297.069625,6,0.061825685,0.061825685
Ccdc153,mz.296.06595500000003,6,0.061340496,0.061340496
Ralgds,mz.516.190135,6,0.061255958,0.061255958
Phgdh,mz.281.09517,6,0.061161388,0.061161388
Ppp2r3a,mz.297.070615,6,0.060888838,0.060888838
Wbp1,mz.280.092375,6,0.060782973,0.060782973
Kif13b,mz.592.09793,6,0.060574114,0.060574114
Kif13b,mz.394.12496,6,0.060467243,0.060467243
Ccdc153,mz.592.0904700000001,6,0.060262267,0.060262267
Wbp1,mz.259.11330999999996,6,0.060261317,0.060261317
Wbp1,mz.560.1485299999999,6,0.06010074,0.06010074
Gstm7,mz.562.323125,6,0.06008362,0.06008362
Kif13b,mz.516.190135,6,0.060030416,0.060030416
Ppp2r3a,mz.516.190135,6,0.05996844,0.05996844
Kif13b,mz.259.11330999999996,6,0.05856841,0.05856841
Ccdc153,mz.298.065095,6,0.05841851,0.05841851
Ccdc153,mz.297.06824,6,0.058370255,0.058370255
Kif13b,mz.298.065095,6,0.058282338,0.058282338
Kif13b,mz.258.110295,6,0.05826401,0.05826401
Wbp1,mz.258.110295,6,0.058205813,0.058205813
Wbp1,mz.516.190135,6,0.05787205,0.05787205
Ralgds,mz.259.11330999999996,6,0.05709494,0.05709494
Aspa,mz.258.110295,6,0.057057306,0.057057306
1700047M11Rik,mz.259.11330999999996,6,0.056851912,0.056851912
Wbp1,mz.259.113915,6,0.056762896,0.056762896
Ralgds,mz.560.1485299999999,6,0.056480035,0.056480035
Ppp2r3a,mz.560.1485299999999,6,0.05639274,0.05639274
1700047M11Rik,mz.516.190135,6,0.056073856,0.056073856
Kif13b,mz.259.113915,6,0.055954695,0.055954695
Wbp1,mz.281.09517,6,0.05557596,0.05557596
Phldb1,mz.562.323125,6,0.05542513,0.05542513
1700047M11Rik,mz.258.110295,6,0.05538541,0.05538541
Ppp2r3a,mz.394.12496,6,0.055378415,0.055378415
Wbp1,mz.297.069625,6,0.055349648,0.055349648
Ermn,mz.562.323125,6,0.055189162,0.055189162
Wbp1,mz.296.06595500000003,6,0.054982767,0.054982767
Ppp2r3a,mz.258.110295,6,0.054970916,0.054970916
Ralgds,mz.592.09793,6,0.054390088,0.054390088
Ccdc153,mz.298.06399999999996,6,0.054252665,0.054252665
Ccdc153,mz.592.09793,6,0.05404772,0.05404772
Aspa,mz.259.113915,6,0.053978242,0.053978242
Wbp1,mz.592.0904700000001,6,0.053514805,0.053514805
Ralgds,mz.259.113915,6,0.053227637,0.053227637
1700047M11Rik,mz.394.12496,6,0.05301424,0.05301424
Aspa,mz.259.11330999999996,6,0.05289948,0.05289948
Wbp1,mz.298.065095,6,0.052832518,0.052832518
Rhog,mz.562.323125,6,0.052696995,0.052696995
Rhog,mz.259.11330999999996,6,0.05233721,0.05233721
Wbp1,mz.298.062905,6,0.052178007,0.052178007
Wbp1,mz.297.06824,6,0.051512882,0.051512882
Aspa,mz.516.190135,6,0.05090835,0.05090835
Kif13b,mz.280.092375,6,0.05074156,0.05074156
Hist1h1d,mz.560.1485299999999,6,0.05039569,0.05039569
Ppp2r3a,mz.280.092375,6,0.050264608,0.050264608
Prr18,mz.562.323125,6,0.050215017,0.050215017
Wbp1,mz.298.06399999999996,6,0.04996637,0.04996637
Ralgds,mz.280.092375,6,0.049931675,0.049931675
Hist1h1d,mz.280.092375,6,0.049904488,0.049904488
Hist1h1d,mz.281.09517,6,0.049045328,0.049045328
Ccdc153,mz.298.062905,6,0.04895755,0.04895755
Pcp4,mz.258.110295,6,-0.048688967,0.048688967
Rhog,mz.259.113915,6,0.04848267,0.04848267
Kif13b,mz.560.1485299999999,6,0.048293743,0.048293743
Pcp4,mz.394.12496,6,-0.048176244,0.048176244
Pcp4,mz.298.062905,6,-0.046438962,0.046438962
Kif13b,mz.562.323125,6,0.045664117,0.045664117
Wbp1,mz.394.12496,6,0.044861563,0.044861563
Aspa,mz.280.092375,6,0.0436555,0.0436555
1700047M11Rik,mz.280.092375,6,0.043405052,0.043405052
Wbp1,mz.592.09793,6,0.04313063,0.04313063
Kif13b,mz.281.09517,6,0.043053314,0.043053314
Ppp2r3a,mz.281.09517,6,0.042731356,0.042731356
Ppp2r3a,mz.259.11330999999996,6,0.041892886,0.041892886
Pcp4,mz.259.11330999999996,6,-0.041830245,0.041830245
Ralgds,mz.281.09517,6,0.041800197,0.041800197
Wscd1,mz.562.323125,6,0.041680142,0.041680142
Aspa,mz.560.1485299999999,6,0.041463934,0.041463934
Ppp2r3a,mz.259.113915,6,0.040633827,0.040633827
Pcp4,mz.298.06399999999996,6,-0.039044403,0.039044403
Aspa,mz.562.323125,6,0.038645055,0.038645055
Aspa,mz.281.09517,6,0.038640264,0.038640264
Aspa,mz.394.12496,6,0.038617767,0.038617767
1700047M11Rik,mz.281.09517,6,0.037522394,0.037522394
Pcp4,mz.297.06824,6,-0.037373453,0.037373453
Gstp1,mz.562.323125,6,0.03697987,0.03697987
Pcp4,mz.516.190135,6,-0.036931504,0.036931504
1700047M11Rik,mz.560.1485299999999,6,0.03667578,0.03667578
Pcp4,mz.259.113915,6,-0.03656389,0.03656389
Pcp4,mz.297.069625,6,-0.036460087,0.036460087
1700047M11Rik,mz.562.323125,6,0.03645403,0.03645403
Pcp4,mz.297.070615,6,-0.0344231,0.0344231
Pcp4,mz.296.06595500000003,6,-0.03151343,0.03151343
Mog,mz.562.323125,6,0.03043495,0.03043495
Ppp2r3a,mz.562.323125,6,0.029928438,0.029928438
Pcp4,mz.298.065095,6,-0.029899951,0.029899951
Hist1h1d,mz.516.190135,6,0.029798973,0.029798973
Hist1h1d,mz.562.323125,6,0.02936626,0.02936626
Hist1h1d,mz.258.110295,6,0.02721992,0.02721992
Pcp4,mz.592.0904700000001,6,-0.026985325,0.026985325
Hist1h1d,mz.259.11330999999996,6,0.023290828,0.023290828
Hist1h1d,mz.259.113915,6,0.022543672,0.022543672
Sinhcaf,mz.258.110295,6,0.022491502,0.022491502
Sinhcaf,mz.560.1485299999999,6,0.017666928,0.017666928
Sinhcaf,mz.516.190135,6,0.017596446,0.017596446
Sinhcaf,mz.280.092375,6,0.0172951,0.0172951
Sinhcaf,mz.281.09517,6,0.017289586,0.017289586
Sinhcaf,mz.259.113915,6,0.016046403,0.016046403
Sinhcaf,mz.259.11330999999996,6,0.01508414,0.01508414
Pcp4,mz.592.09793,6,-0.013145429,0.013145429
Hist1h1d,mz.297.070615,6,0.012462804,0.012462804
Hist1h1d,mz.298.065095,6,0.011791148,0.011791148
Hist1h1d,mz.394.12496,6,0.010664694,0.010664694
Hist1h1d,mz.592.0904700000001,6,0.0076716184,0.0076716184
Sinhcaf,mz.562.323125,6,0.005931484,0.005931484
Hist1h1d,mz.296.06595500000003,6,0.00448024,0.00448024
Sinhcaf,mz.394.12496,6,0.0040376987,0.0040376987
Hist1h1d,mz.298.06399999999996,6,0.003946248,0.003946248
Hist1h1d,mz.297.069625,6,0.0037102108,0.0037102108
Hist1h1d,mz.592.09793,6,0.0033010817,0.0033010817
Sinhcaf,mz.592.0904700000001,6,-0.0024582827,0.0024582827
Sinhcaf,mz.298.065095,6,0.0023473892,0.0023473892
Sinhcaf,mz.298.062905,6,-0.0023152558,0.0023152558
Hist1h1d,mz.298.062905,6,0.0019468055,0.0019468055
Sinhcaf,mz.297.069625,6,0.0018782262,0.0018782262
Sinhcaf,mz.298.06399999999996,6,-0.0015888298,0.0015888298
Sinhcaf,mz.297.070615,6,-0.0015700124,0.0015700124
Sinhcaf,mz.297.06824,6,0.0013897158,0.0013897158
Hist1h1d,mz.297.06824,6,0.0013743929,0.0013743929
Sinhcaf,mz.296.06595500000003,6,-0.0010807938,0.0010807938
Sinhcaf,mz.592.09793,6,0.0010566972,0.0010566972
